Surrogate_Key,Kids,ShortHikes,LongHikes,Movies_TV,BookClub,GamesNight,PokerNight,Films_Documentaries,CulturalEvents,PlayingSports,WatchingSports,SnowSports,Running,ExerciseBudy,Biking,Camping,Crafting,Geocaching,SinglesActivities,Girls_GuysNightOut,KidsNightOut,SingleParents,FamilyFunNight,IceCreamSocial,FoodieClub,WineAndCheese,PizzaNights,SupperClub,ChocolateTasting,Karaoke,HolidayParties,WaterFights,LAN_Gaming,CommunityService,Entrepreneurship,RockHounding,MusicListening,JamSessions,Anime,Introvert,Extrovert,Restaurants,Bars,Libraries,Short_Walks,Smokers,Drinkers,Fashion_Conscious,Religous_Discussions,Political_Discussions,Liberal_Views,Conservative_Views,Thrifty_Activities,Extravagant_Activities,Watching_Sports,Hanging_Out,Big_Crowds,Loud_Crowds,Num_Daughters,Min_Daugthers,Max_Daughters,Num_Sons,Min_Sons,Max_Sons,Officer,Facebook,PlanEvent,ConnectPeople,TechnicalHelp,Club_Board,Actively_making_friends,Helping_others_connect,,Daughter1,Daughter2,Daughter3,Daughter4,Daughter5,Daughter6,Daughter7,Daughter8,Son1,Son2,Son3,Son4,Son5,Son6,Son7,Son8,Order,Rank,Cluster,Email
1_Alabama_Alexander_City,1,0,0,0.5,1,0,0,0,1,0,0,0,0,0.5,0,0,1,0,0,0,0.5,0,0.5,1,1,0,0,0,0,0,0,1,0,0.5,0,0,0,0,0,1,0,0.5,0.5,0.5,1,0.5,0.5,0.5,0.5,0.5,0.5,0.5,0.5,0.5,0.5,0,0.5,0.5,0,0,0,2,2005,2010,1,,,,,,,1,,,,,,,,,,,,,,,,,,1,0,0,john.weeks@gmail.com
2_Alabama_Andalusia,1,1,0.5,1,0.5,0.5,0,0,0.5,0,0,0,0,0.5,0,1,0,0,0,0.5,0.5,0,0.5,0,0.5,1,0,0,0,0,0.5,1,0,0.5,0,0,1,0,0,0,1,1,1,1,1,0,1,0.5,0.5,0,0,1,1,1,1,1,1,1,1,2010,2010,0,0,0,,,,,,,,,,,,,,,,,,,,,,,,,,2,0,0,daybreaksocialcircles@gmail.com
3_Alabama_Anniston,0,1,1,0.5,1,1,0.5,1,1,0.5,0.5,1,0.5,0.5,0.5,0.5,0,0.5,0,0.5,0,0,0,0.5,1,0,0.5,0.5,1,0.5,1,0.5,0.5,0.5,0,0,1,0,0.5,1,0,1,0.5,1,1,0,0.5,0.5,0.5,0.5,1,0,1,1,0.5,0.5,0.5,0,0,0,0,0,0,0,,1,1,1,,,1,1,,,,,,,,,,,,,,,,,,3,0,0,dsc.email.200@gmail.com
4_Alabama_Athens,1,1,0.5,0.5,1,1,0,0.5,1,0,0,1,1,0,0.5,0,0,0,0,0,0,0,1,1,1,0,0.5,1,1,0,1,0.5,0,1,0,0,1,0,0,0.5,0,1,0,0.5,1,0,0,0.5,1,0.5,0.5,0.5,1,1,0.5,1,0.5,0,2,2004,2007,1,2001,2001,,,,1,,,,,,2001,,,,,,,,,,,,,,,,4,0,0,dsc.email.300@gmail.com
5_Alabama_Atmore,1,0.5,0.5,0,0.5,0,0.5,0,0.5,0,0,0,0,0,0,0,0,0,0,0,0,0,0,0,0.5,0,0,0,0,0,0,0,0,0.5,0,0,0,0,0,1,,0.5,0.5,0.5,0.5,0.5,0.5,0.5,0,0,0.5,0.5,0.5,0.5,0.5,0.5,0,0.5,0,0,0,2,2000,2008,1,,,,,1,1,,,2015,,,,,,,,,,,,,,,,5,0,0,john.weeks@gmail.com
6_Alabama_Auburn,0,0.5,0.5,0,0.5,0.5,0,0,0.5,0,0,0,0,0.5,0,0.5,0,0,0,0.5,0,0,0,0,1,1,0,0,0,0,1,0.5,0,0,0,0,1,0,0,0,1,1,1,1,1,0,1,0.5,0.5,1,0.5,1,1,0.5,0.5,1,1,1,0,0,0,0,0,0,1,,1,,1,,,,,,,,,,,,,2001,2003,,,,,,,6,0,0,daybreaksocialcircles@gmail.com
7_Alabama_Bessemer,0,1,0,1,0,0,0,1,0.5,1,0,0,0,0,0,0,0,0,1,0,0,0,0,0,0.5,0.5,0.5,0.5,1,0,0.5,0,0,0.5,0,0,1,0,0,0,0.5,1,1,0.5,1,0,1,0.5,0.5,0.5,1,0,1,1,0,1,0,0.5,0,0,0,0,0,0,,,,,,,1,,,,,,,,,,,2005,2010,,,,,,,7,0,0,dsc.email.200@gmail.com
8_Alabama_Birmingham,1,1,0,0,0.5,0.5,0.5,0.5,0,0,0,0,0.5,0.5,0,0,0.5,0,0,0.5,0.5,0,0.5,1,0,1,0.5,0,1,0.5,0,0,0,0.5,0,0,0.5,0,0,1,0,1,1,1,1,0,1,0.5,0,0,0.5,0.5,1,1,0,1,0,0,1,2008,2008,0,0,0,,,,,1,,1,1,,1997,1999,2007,,,,,,2009,,,,,,,,8,0,0,dsc.email.300@gmail.com
9_Alabama_Chickasaw,1,1,1,0.5,1,0.5,0,0.5,0.5,1,1,0,0.5,0.5,0,0,0,0,0.5,0.5,1,0.5,1,0.5,0.5,1,0.5,0,0.5,0,0.5,0,0,1,0.5,0,0.5,0,0,0.5,0,1,0.5,1,1,0,1,0,1,1,1,0.5,1,0.5,1,1,0.5,0,1,2017,2017,1,2015,2015,,,,,,,,,,,,,,,,,,2014,2018,,,,,,,9,0,0,john.weeks@gmail.com
10_Alabama_Clanton,1,1,0,1,0.5,1,1,1,0.5,0,0,0,0,0,0,0,0.5,0,0,1,1,0,1,1,1,1,1,0.5,0,0.5,1,0,0,0,0,0,1,0,0,0,0.5,1,1,0.5,1,0,1,1,0.5,0.5,0.5,0.5,1,1,1,1,1,1,2,2001,2010,2,2001,2010,,1,,,,,1,1,,,,,,,,,,,,,,,,,,10,0,0,daybreaksocialcircles@gmail.com
11_Alabama_Cullman,1,0.5,0.5,0,0,0.5,0,0,0.5,0,0,0,0,0,0,0,0,0,0,0.5,0.5,0,0,0,0,1,0,0.5,1,0,0.5,0,0,1,0.5,0,0.5,0,0,1,0,1,1,1,1,0,1,1,0,0,0,0,1,1,1,1,1,0,0,0,0,1,2015,2015,,,,1,1,,1,1,,,,,,,,,,,,,,,,,,11,0,0,dsc.email.200@gmail.com
12_Alabama_Decatur,0,1,0.5,1,1,0.5,0.5,1,1,0,1,0,0,0.5,0,0.5,1,0.5,0,0,0,0,0,0.5,0.5,0,0.5,0.5,0.5,0.5,0.5,1,0,0.5,0,0.5,1,0,0,1,0,1,0,1,1,0,0,0,1,0,0,1,1,0,1,1,0,0,0,0,0,0,0,0,1,,1,,,,1,,,,,,,,,,,,,,,,,,,12,0,0,dsc.email.300@gmail.com
13_Alabama_Demopolis,1,0.5,0,1,1,1,0,0.5,0.5,0,0,0,0,0,0,0,0.5,0,0,0.5,0.5,0,0.5,0.5,0,0,0.5,0.5,0.5,0,0.5,0,0,0,0,0,0.5,0,0,1,0,1,0,1,1,0,0,0.5,0.5,0,0,1,0.5,0,0.5,1,0.5,0.5,0,0,0,1,2016,2016,,,,,,,1,,,,,,,,,,,,,,,,,,,13,0,0,john.weeks@gmail.com
14_Alabama_Dothan,0,0.5,0.5,0.5,0,0.5,0,0,0.5,0,0,0,0.5,0.5,0.5,0.5,0,0,0,0,0,0,0,0.5,0,0.5,0.5,0,0,0.5,0.5,0.5,0,0.5,0.5,0,0.5,0,0.5,0,1,1,1,1,1,0.5,0.5,1,0.5,1,1,1,1,1,1,1,1,1,0,0,0,1,1997,1997,1,1,,,,1,1,1,,,,,,,,,,,,,,,,,,14,0,0,daybreaksocialcircles@gmail.com
15_Alabama_Enterprise,1,1,1,0,0.5,0.5,0,0,1,0,0,0,0.5,0.5,0,0,0,0,0,1,0,0,0.5,0.5,0,1,0,0,0.5,0,0.5,0,0,0,0,0,1,0,0,0.5,1,1,1,1,1,0,1,1,0,0.5,1,0.5,1,1,0.5,1,1,1,1,2017,2017,1,2015,2015,1,,1,,,1,1,,,,,,,,,,,,,,,,,,,15,0,0,dsc.email.200@gmail.com
16_Alabama_Eufaula,1,1,1,0.5,0.5,1,0.5,0,0.5,0.5,0.5,1,1,1,0,1,0,0,0,1,1,0,1,1,1,1,0.5,0.5,1,0,0.5,0.5,0,0.5,0.5,1,1,0,0,1,0,1,1,1,1,0,1,1,1,1,1,0,1,1,1,1,0.5,0.5,0,0,0,3,2005,2011,,,,,,,,1,,,,,,,,,,,,,,,,,,16,0,0,dsc.email.300@gmail.com
17_Alabama_Florence,1,0.5,0,1,0.5,1,0,0.5,1,0.5,1,0,0,0.5,0.5,1,0.5,0.5,0,1,1,0,1,0.5,1,0,0,1,1,0.5,1,1,0.5,0.5,0.5,0.5,1,0.5,0,0,0.5,1,0,0.5,1,0,0,0.5,1,1,0,1,1,1,1,1,0.5,0,1,2004,2004,2,2002,2013,1,1,1,1,,,1,1,,,,,,,,,,,,,,,,,,17,0,0,john.weeks@gmail.com
18_Alabama_Fort_Payne,1,1,0.5,0.5,0,1,1,0.5,0.5,0.5,0.5,0,0,1,0,0.5,0,0,0,0,1,0,0.5,0,0.5,1,0,0,0,0,0,0,0,0.5,0,0,0,0,0,0.5,0.5,1,1,1,1,0,1,0,0,1,1,0,1,0,1,1,1,0,3,2001,2011,0,0,0,,1,1,1,,,,1,,,,,,,,,,,,,,,,,,18,0,0,daybreaksocialcircles@gmail.com
19_Alabama_Gadsden,0,1,0.5,0.5,0.5,0.5,0.5,0.5,0.5,0,0,0,0,0,0,0,0,0,0,0,0,0,0,0,0,0,0,0,0,0,0,0,0,0,0,0,0,0,0,0.5,0,1,0.5,1,0.5,0.5,0.5,0.5,0.5,0.5,0.5,0.5,0.5,0.5,0.5,0.5,0.5,0.5,1,1990,1990,1,1984,1984,,1,,,,,,,,,,,,,,,,,,,,,,,,19,0,0,dsc.email.200@gmail.com
20_Alabama_Greenville,1,0.5,0,0.5,1,1,0,0.5,1,0,0,0,0,0,0,0,1,0,0,0.5,0.5,0,0.5,0.5,0.5,0,0.5,0.5,0.5,0.5,0.5,0,0.5,0.5,1,0.5,0.5,0,0,0.5,,1,0,1,1,0,0,0.5,0.5,0.5,1,0.5,0.5,0.5,0.5,1,0,0,2,2012,2015,0,0,0,,1,1,1,1,,,,,,,,,,,,,,,,,,,,,20,0,0,dsc.email.300@gmail.com
21_Alabama_Guntersville,0,0,0.5,0,0,0,0.5,0,0,0,0.5,0.5,0.5,0,1,0.5,0,0,1,0,0,0,0,0,0,0,0,0,0,0,0,0,0,0.5,0.5,0,0.5,0.5,0,1,1,1,0.5,0.5,1,0.5,0.5,0.5,0.5,1,1,1,1,0.5,1,0.5,0.5,0.5,0,0,0,0,0,0,,1,,1,,,1,1,,,,,,,,,,,,,,,,,,21,0,0,john.weeks@gmail.com
22_Alabama_Huntsville,1,0.5,0.5,0.5,0,1,0,0,0,0,0,0,0.5,0,0,0.5,0,0,0,0.5,1,0,0.5,0,0.5,0,0,0,0.5,0,0.5,0.5,0,0.5,0,0,0.5,0,0,0.5,0,0.5,0,1,1,0,0,0.5,0.5,0.5,0.5,0.5,1,0.5,0,1,0,0,1,2015,2015,3,2003,2009,,1,1,1,,,1,1,,,,,,,,,,,,,,,,,,22,0,0,daybreaksocialcircles@gmail.com
23_Alabama_Jasper,0,0.5,0,0.5,0.5,0,0,0.5,0.5,0,0,0,0,0.5,0,0,0,0,0.5,0,0,0,0,0,0,0,0,0,0.5,0,0,0,0,0,0,0,0.5,0,0,0.5,0.5,1,1,1,1,0,1,0,0,1,1,0,1,0,0,1,0,0,0,0,0,0,0,0,,1,,1,,1,1,1,,,,,,,,,,,,,,,,,,23,0,0,dsc.email.200@gmail.com
24_Alabama_Marion,1,1,1,1,0.5,0.5,0,0.5,0.5,0,0,0,0,0.5,0,0.5,0.5,0,1,0.5,0,1,0,0,1,1,0,0.5,0.5,0,0,0,0,0.5,0.5,0,1,0,0,1,0.5,0,1,1,1,0,1,0.5,0,0,0.5,0.5,1,0.5,0,1,0,0,0,0,0,1,2018,2018,,1,,,,,1,,,,,,,,,,,,,,,,,,,24,0,0,dsc.email.300@gmail.com
25_Alabama_Mobile,1,0.5,1,0,0,0.5,0,0,0,0,0,0,0,0.5,0,1,0,0,0,0,0,0,0,0,0,0,0,0.5,0,0,0,0,0,0.5,0,0,0,0,0,1,0.5,1,0,0.5,1,0,0,0,0,0,0,0.5,0.5,0.5,0.5,1,0.5,0,4,1991,1995,2,1995,1997,,,,,,,,,,,,,,,,,,,,,,,,,,25,0,0,john.weeks@gmail.com
26_Alabama_Montgomery,0,0.5,0,1,0,0,0,0,0,0,0,0,0,0,0,0,0,0,0,0,0,0,0,0.5,0,0,0,0,1,0.5,0,0,0.5,0,1,0,1,1,0,0,1,1,0,0,1,0,0,0,1,1,0,1,0,1,1,0,1,1,0,0,0,0,0,0,,1,1,,,,,,,,,,,,,,,,,,,,,,,26,0,0,daybreaksocialcircles@gmail.com
27_Alabama_Opelika,1,1,0,0.5,1,1,0.5,0,1,0.5,0,0,0.5,0.5,0,0.5,0.5,0,0,0.5,0,0,0.5,0.5,0,0,0.5,0,0,0,0.5,0,0,1,0.5,0,0,0,0,0,1,1,0,1,1,0,0,1,1,1,1,1,1,1,0.5,0.5,0.5,0.5,1,2019,2019,0,0,0,1,1,1,1,,,1,,,,,,,,,,,,,,,,,,,27,0,0,dsc.email.200@gmail.com
28_Alabama_Ozark,1,0,0,1,0.5,1,0,0,0,0.5,0.5,0.5,0.5,0.5,0,0,0,0,0,1,0.5,0,0.5,0,0,0,0.5,0.5,1,0.5,1,0,0,0,0,0,0,0,0,0,0.5,1,1,1,1,0,0.5,0.5,0,0,1,0.5,1,0,1,1,0.5,0,2,2007,2014,0,0,0,1,1,1,1,,,1,,,,,,,,,,,,,,,,,,,28,0,0,dsc.email.300@gmail.com
29_Alabama_Phenix_City,1,1,1,0.5,0.5,0.5,0,1,1,0,0,0,0,0.5,0,0,0.5,0,0,0,0,0,1,0,0,0,0,1,0,0.5,1,0,0,1,0,0,0,0,0,0,1,1,0,1,1,0.5,0.5,0,0,1,1,0.5,1,0.5,0.5,1,0.5,0.5,0,0,0,3,2003,2006,,1,1,,,,1,,,,,,,,,,,,,,,,,,,29,0,0,john.weeks@gmail.com
30_Alabama_Prichard,0,0,0,0.5,0,0.5,0,0.5,1,0,0,0,0,0,0,0.5,0,0,0,0,0,0,0,0.5,0.5,0,0.5,0.5,0.5,0.5,0,0.5,0,0,1,0,1,0,0,0.5,0.5,0.5,0.5,0.5,0.5,0,0.5,0.5,0,0,0.5,0.5,0.5,0.5,0.5,0.5,0.5,0.5,0,0,0,0,0,0,,,,,,,,,,,,,,,,,,,,,,,,,,30,0,0,daybreaksocialcircles@gmail.com
31_Alabama_Scottsboro,1,1,0.5,1,0.5,1,0.5,0.5,0.5,0,0,0.5,0,0.5,0,0,0.5,0.5,0,0.5,0.5,0,0.5,0.5,0.5,0.5,1,0.5,1,0.5,0.5,1,0.5,1,0,1,0.5,0,0.5,0.5,0.5,1,1,1,1,0,1,0.5,0,0.5,1,1,1,1,0.5,1,0.5,0,1,2009,2009,1,2005,2005,1,1,1,1,1,1,1,1,,,,,,,,,,,,,,,,,,31,0,0,dsc.email.200@gmail.com
32_Alabama_Selma,0,1,0.5,0,0.5,0,0,0,1,0,0,0,0,1,0.5,0,1,0,0,0.5,0,0,0,0.5,0.5,1,0,1,1,0,0.5,0,0,0.5,0,0,1,0,0,0,0.5,1,0.5,1,1,0,0.5,0,0.5,0,0.5,0.5,0.5,0.5,0,0.5,0.5,0,0,0,0,0,0,0,,1,,1,,,1,,,,,,,,,,,,,,,,,,,32,0,0,dsc.email.300@gmail.com
33_Alabama_Sheffield,1,1,0.5,0.5,1,1,0,0.5,0.5,0,1,1,0,1,1,1,0,0.5,0,1,1,0,1,0.5,1,1,1,1,1,0,1,0.5,0,0.5,0,0,0.5,0,0,1,0,1,1,1,1,0.5,1,0.5,1,1,1,0.5,1,0.5,1,1,0.5,0.5,0,0,0,1,2019,2019,,,,,,,1,,,,,,,,,,,,,,,,,,,33,0,0,john.weeks@gmail.com
34_Alabama_Sylacauga,0,1,0.5,1,0,1,1,0,0,0.5,0,0,0,1,0,0.5,0,0,0,0.5,0,0,0,0,0,1,0,0,0,0,1,0,0,0.5,0,0,0,0,1,1,0,1,1,1,1,0.5,1,0,0,0,0,1,1,1,0,1,0,0,0,0,0,0,0,0,,,,,,,1,1,,,,,,,,,,,,,,,,,,34,0,0,daybreaksocialcircles@gmail.com
35_Alabama_Talladega,1,0.5,0,0,0.5,0.5,0.5,0,0.5,0,0,0,0,0,0,0,0.5,0,0,0.5,0,0,0,0,1,1,0,0.5,0.5,1,0,0,0,0,0.5,0,0,0,0,1,0,1,0.5,1,1,0,0.5,0,0,0,0.5,0.5,1,0.5,0,1,0,0,1,2016,2016,1,2004,2004,,,,,,,,,,,,,,,,,,,,,,,,,,35,0,0,dsc.email.200@gmail.com
36_Alabama_Troy,1,0.5,0.5,0.5,0.5,0.5,0,0,0,0,0,0,0,0,0,0.5,0.5,0,0,0,0,0,0,0,1,0,1,1,1,0,0.5,0,0,0,0,0,0.5,0.5,0,1,0,1,0.5,1,1,0,0,0.5,0.5,0.5,0.5,0.5,1,1,0.5,1,0.5,0,1,2018,2018,0,0,0,,,,,,,,,,,,,,,,,,,,,,,,,,36,0,0,dsc.email.300@gmail.com
37_Alabama_Tuscaloosa,1,1,0,0,0.5,0,0,0,0,0,0.5,0,0,0.5,0,0,0,0,0,1,0.5,0,0.5,0.5,0,0.5,0,0,0,0,0.5,0,0,0.5,0,0,0,0,0,0,1,1,1,1,1,0,1,1,0,0,0.5,0.5,0.5,0.5,1,1,1,1,1,2014,2014,2,2010,2016,,,,1,,,1,1,,,,,,,,,,,,,,,,,,37,0,0,john.weeks@gmail.com
38_Alabama_Tuscumbia,0,0.5,1,1,0.5,0.5,0,1,1,0,0.5,0,0.5,0.5,0,0,0.5,0,0,1,0,0,0,0.5,1,1,1,0.5,0.5,0,1,0.5,0,0.5,0,0.5,0,0,0,1,0,1,1,0.5,0.5,0,0.5,0.5,0,0,0.5,0.5,1,0.5,1,1,0,0,0,0,0,0,0,0,,,,,,,,,,,,,,,,,,Yes,,,,,,,,38,0,0,daybreaksocialcircles@gmail.com
39_Alabama_Tuskegee,1,0.5,0.5,1,0,0,0.5,0.5,0.5,1,1,0.5,0.5,1,0.5,1,0,0.5,0,1,0.5,0,1,0.5,1,0.5,0.5,0.5,0.5,0,0.5,0.5,0,0.5,1,0.5,0.5,0,0,0.5,0.5,1,1,0.5,1,0,1,1,1,1,0,1,1,1,0.5,1,1,1,1,2010,2010,0,0,0,,1,,,1,,1,1,,2001,2010,2011,,,,,,,,,,,,,,39,0,0,dsc.email.200@gmail.com
40_Alaska_Anchorage,0,1,1,0.5,0,0,0,0.5,0.5,0,0,0.5,0.5,1,1,1,0,0,1,1,0,0,0,0,0.5,1,0.5,1,0,0.5,0.5,0.5,0,1,0,0,0.5,0.5,0,0,0.5,0.5,0.5,0.5,0.5,0,0.5,0.5,0,0,0.5,0,0.5,0.5,0.5,0.5,0.5,0,0,0,0,2,1979,1981,,,,1,1,,1,,,2003,,,,,,,,,,,,,,,,40,0,0,dsc.email.300@gmail.com
41_Alaska_Cordova,1,0.5,0.5,0.5,0.5,1,0,0.5,1,0,0,0,0,0,0,0.5,0.5,0,0,0.5,0.5,0,0.5,0.5,0.5,0.5,0.5,0.5,0.5,0,0.5,0.5,0,0.5,1,1,0.5,0,0,0.5,0.5,1,0,1,1,0,0.5,1,0,0,0,1,1,0.5,1,1,1,0,1,2005,2005,1,2009,2009,,1,,1,,,,,,2007,2014,,,,,,,,,,,,,,,41,0,0,john.weeks@gmail.com
42_Alaska_Fairbanks,0,0,0,0,1,0.5,0,0,1,0,0,0,0,0,0,0,1,0,0,1,0,0,1,1,1,0,1,0.5,1,1,1,0,0,1,0,0,1,0,0,1,0,1,0,1,1,0,0.5,0.5,0,0,1,0.5,1,1,0,0,0,0.5,0,0,0,0,0,0,,,,,,,1,,,2008,,,,,,,,,,,,,,,,42,0,0,daybreaksocialcircles@gmail.com
43_Alaska_Haines,1,0.5,0.5,1,0,0.5,0.5,1,1,0,0,0,0,0.5,0,0,1,0,0,0,0,0,1,0.5,1,0,1,1,1,1,1,1,1,1,1,0,1,1,0.5,1,0,0.5,0.5,1,1,0,0,0.5,1,0,0.5,0.5,1,1,0,1,0.5,0.5,1,2003,2003,0,0,0,,,,,,,,,,2008,2009,2018,,,,,,,,,,,,,,43,0,0,dsc.email.200@gmail.com
44_Alaska_Homer,0,1,1,0,1,0,1,0,0,1,0,0,0,0,0,0,0,0,0,0,0,0,0,0,0,1,0,0,0,0,0,0,0,1,0,0,0,0,0,1,0,1,0.5,1,1,0,1,0,0,0.5,1,0,0.5,0.5,0.5,1,0,0,0,0,0,0,0,0,,,,,,,1,,,2008,2011,2014,,,,,,,,,,,,,,44,0,0,dsc.email.300@gmail.com
45_Alaska_Juneau,0,0.5,0.5,1,0,0.5,0.5,0.5,0,0,0,0,0,0,0.5,0.5,0,0,0.5,0.5,0,0,0,0,0,0.5,0.5,0,0.5,0.5,0.5,0,0.5,0,1,0,0.5,0,1,0.5,0,1,1,0.5,1,0,1,0.5,0.5,1,0,1,1,1,1,1,0.5,0,0,0,0,0,0,0,,,,1,1,,1,1,,2009,,,,,,,,,,,,,,,,45,0,0,john.weeks@gmail.com
46_Alaska_Ketchikan,1,1,0,0.5,0.5,1,0,0.5,0.5,0,0,0,1,1,0.5,0,0.5,0,0,1,1,0,1,1,0.5,0,1,1,1,0,1,0,0,0.5,1,0,1,0,0,0.5,1,1,0,1,1,0,0,1,1,0,0.5,0.5,1,1,0.5,1,1,1,1,2013,2013,1,2015,2015,1,,1,,,1,1,,,2010,,,,,,,,,,,,,,,,46,0,0,daybreaksocialcircles@gmail.com
47_Alaska_Kodiak,0,1,0,0,0.5,0,0,0.5,1,0,0,0,0,0,0,0,0,0,0,0,0,0,0,0.5,0,0,0.5,0.5,0.5,0,0,0,0,0.5,0,1,0,0,0,0,0.5,1,0,1,1,0.5,0.5,0.5,0.5,0.5,0.5,0.5,0.5,0.5,0.5,1,0.5,0.5,0,0,0,0,0,0,1,1,1,1,1,,1,,,2010,,,,,,,,,,,,,,,,47,0,0,dsc.email.200@gmail.com
48_Alaska_Kotzebue,1,1,0.5,1,0.5,1,0,0.5,1,0,0,0.5,0,1,0,0,1,0,0.5,0,1,0.5,1,1,0.5,0,0.5,0.5,0.5,0,0.5,1,0,0.5,0,0,1,0,1,1,0,0.5,0.5,0.5,0.5,0.5,0.5,0.5,0.5,0.5,0.5,0.5,0.5,0.5,0.5,0.5,0.5,0.5,1,2007,2007,1,2010,2010,,,,,,,1,,,2012,2015,,,,,,,,,,,,,,,48,0,0,dsc.email.300@gmail.com
49_Alaska_Nome,0.5,0.5,0,0.5,0.5,0.5,0,1,1,1,0,0.5,0.5,0,0,0,0,0,0,0,0.5,0,0,0.5,1,1,0.5,0.5,1,0,0,0,0,0.5,0,0,0.5,0,0,0,1,1,1,1,1,0,1,0.5,0,0.5,1,0,1,0.5,1,0.5,0.5,0.5,1,2007,2007,1,2010,2010,,,,,,,1,,,2015,,,,,,,,,,,,,,,,49,0,0,john.weeks@gmail.com
50_Alaska_Palmer,1,0,0,0.5,0,0.5,0,0,0,0,0,0,0,0,0,0,0,0,0,0.5,0.5,0,0,0.5,0,0,0,0,0,0,0,0,0,0,0,0,0,0,0,1,0,1,0,1,1,0.5,0.5,0,0,0,0,0,1,0.5,0.5,1,0,0,0,0,0,1,2013,2013,,,,,1,,,,,2018,,,,,,,,,,,,,,,,50,0,0,daybreaksocialcircles@gmail.com
51_Alaska_Seward,1,0.5,0.5,1,0,0,0,1,0.5,0,0,0,0,0.5,0.5,0,0,0.5,1,0,0.5,0.5,0.5,0.5,0,0.5,0,0,0,0,0,0,0.5,0,0.5,1,0.5,0,0,1,0,1,1,0,1,0,1,0.5,0,0,0,1,1,0.5,0,1,0,0,0,0,0,1,2003,2003,,,,,,,,,,2019,,,,,,,,,,,,,,,,51,0,0,dsc.email.200@gmail.com
52_Alaska_Sitka,1,0.5,0.5,0.5,0.5,0,0,0,0.5,0.5,0,0.5,1,0.5,1,0,0,0,0,0.5,0.5,0,0.5,0,0,0,0,0,0,0,0,0,0,0.5,0,0,0,0,0,1,0.5,1,1,1,1,0,1,1,0,0,0,0,1,1,1,1,0,0,0,0,0,2,2014,2018,,,,,,,,,,,,,,,,,,1979,1981,,,,,,,52,0,0,dsc.email.300@gmail.com
53_Alaska_Skagway,1,0.5,0.5,0.5,0,0.5,0,0.5,0.5,0,0.5,0,0.5,0.5,0.5,0.5,0,0,0,0,0,0,0.5,0,0,0,0,0,0,0,0,0,0,0,0,0,0,0,0,0,1,1,0.5,1,1,0,0.5,0.5,0.5,1,0.5,0.5,1,0.5,1,0.5,0.5,0.5,0,0,0,3,2008,2015,,,,,,,1,,,1990,,,,,,,,1984,,,,,,,,53,0,0,john.weeks@gmail.com
54_Alaska_Valdez,1,0.5,0,0,0.5,0,0,0.5,1,0,0,0,0,0.5,0,0,0,0,0,0.5,0.5,0,0.5,1,0,0.5,0,0.5,1,0,0,0,0,0.5,0,0,0,0,0,0.5,0.5,1,0,1,1,0,0.5,0,0.5,0.5,1,0.5,1,0.5,0,1,0,0,0,0,0,0,0,0,,,1,,,,1,1,,1990,2019,,,,,,,1990,2019,,,,,,,54,0,0,daybreaksocialcircles@gmail.com
55_Arizona_Ajo,0,0.5,0,0.5,0.5,0,0.5,0,0,0,0,0,0,0,0,0,0.5,0,0,0,0,0,0,0,0.5,0,0,0,0,0,0.5,0,0,1,0,0,0.5,0,0,0,1,1,1,1,1,1,1,0.5,0.5,0.5,1,0.5,1,0.5,0.5,1,0.5,0.5,0,0,0,0,0,0,,1,,1,,,1,,,2002,,,,,,,,1994,,,,,,,,55,0,0,dsc.email.200@gmail.com
56_Arizona_Avondale,1,0.5,0,1,0,1,0,0,0.5,0,0,0,0,0.5,0,0.5,0.5,0,0,1,1,0,0.5,0.5,0,0,0,0,0,1,0,0.5,0,0.5,1,0,0.5,0,0,1,1,1,0.5,1,1,0,0.5,0.5,0,0,0.5,0.5,1,0.5,0.5,1,0.5,0.5,2,2001,2007,2,2003,2009,1,1,1,1,,1,1,1,,1991,1993,1994,1995,,,,,1995,1997,,,,,,,56,0,0,dsc.email.300@gmail.com
57_Arizona_Bisbee,0,1,1,0,0,1,0,1,1,0,0,0,0,0,0,1,0,0,0,1,0,0,0,0,1,1,1,0,0,0,1,0,0,0,0,0,1,0,0,0.5,0.5,1,1,1,1,0,1,1,0,1,1,1,1,1,0.5,1,1,1,0,0,0,0,0,0,,1,,1,,,1,,,,,,,,,,,1997,,,,,,,,57,0,0,john.weeks@gmail.com
58_Arizona_Casa_Grande,1,1,0,1,0.5,1,0,0,0.5,0,0,0,0,0,0,0,0.5,0,0,1,1,0,1,1,0,0,1,0,1,0,0.5,0.5,0,1,0,0.5,0.5,0,0,0.5,0.5,1,0.5,0.5,1,0,0.5,0.5,0.5,0.5,0.5,0.5,1,1,0.5,1,1,0,3,1997,2007,1,2009,2009,,,,,1,,,,,,,,,,,,,2000,2008,,,,,,,58,0,0,daybreaksocialcircles@gmail.com
59_Arizona_Chandler,0,0.5,0,1,0.5,0.5,0,1,1,0,0.5,0,0,0.5,0,0.5,0.5,0,1,1,0,0,0,0.5,1,0,0.5,1,0.5,0,1,0.5,0,0.5,0.5,0,1,1,0,1,0.5,1,1,0.5,1,0,0.5,0.5,1,1,1,1,1,1,1,1,0.5,0.5,0,0,0,0,0,0,,1,,,1,,1,,,2002,,,,,,,,2000,,,,,,,,59,0,0,dsc.email.200@gmail.com
60_Arizona_Clifton,0,0.5,0,0.5,0,0,0,0.5,0.5,0,0,0,0,0,0,0,0,0,0,0.5,0,0,0,0,0,0.5,0.5,0.5,0,0,0.5,0,0,0,0,0,0.5,0,0,0,0,1,1,0.5,1,0.5,0.5,0.5,1,0.5,1,0.5,0.5,0.5,0.5,1,0,0,0,0,0,0,0,0,1,1,1,1,,,1,1,,2004,2007,,,,,,,2001,,,,,,,,60,0,0,dsc.email.300@gmail.com
61_Arizona_Douglas,0,1,1,0.5,0.5,0,0,0,0.5,0,0,0,0.5,0.5,0,0,0,0,0,0,0,0,0,0,0,0,0,0,0,0,0,0,0,0.5,0,0,1,0,0,0,0.5,1,0,1,1,0,0,0,1,0,0.5,0.5,1,0.5,0,1,0.5,0.5,0,0,0,0,0,0,,,,,,,1,,,2005,,,,,,,,2001,,,,,,,,61,0,0,john.weeks@gmail.com
62_Arizona_Flagstaff,0.5,1,1,1,0,0,1,0,0,0,1,1,0,1,1,0,0,0,1,0,1,1,1,0,0,1,1,0,0,0.5,0,1,0,1,1,0.5,1,1,0,0.5,0.5,1,1,1,1,0,1,1,1,1,0.5,0.5,1,0.5,1,1,1,1,1,2009,2009,0,0,0,,,,,,,,,,3004,,,,,,,,2002,2013,,,,,,,62,0,0,daybreaksocialcircles@gmail.com
63_Arizona_Florence,0,0.5,0.5,0.5,0.5,0.5,0,0.5,0.5,0.5,0.5,0,0,0.5,0.5,0,0.5,0,0,0.5,0,0,0,0,0,0.5,0,0.5,0.5,0,0.5,0,0,0,0.5,0,0.5,0,0,0,1,1,1,0.5,1,0.5,1,1,0.5,0,0.5,0.5,0.5,1,1,1,1,1,0,0,0,0,0,0,,1,,1,,,1,1,,,,,,,,,,2003,,,,,,,,63,0,0,dsc.email.200@gmail.com
64_Arizona_Gila_Bend,0,1,1,0,0.5,0.5,0,0.5,0.5,0,0,0,0,0,0,0,1,1,1,0.5,0,0,0,0,0,0.5,0,0,0,0,0.5,0,0,0.5,0,0,0,0,0,1,,1,0.5,1,1,0,0.5,0.5,0.5,0.5,0.5,0.5,1,0.5,0.5,1,0.5,0,0,0,0,0,0,0,,,,,1,,1,,,,,,,,,,,2003,2006,,,,,,,64,0,0,dsc.email.300@gmail.com
65_Arizona_Glendale,1,1,1,1,0,0.5,0,0,0.5,0.5,0.5,0,0,0,0,1,0.5,0,0,1,1,0,0.5,0,0.5,0.5,0.5,0,0,0.5,0.5,0,0,0,0,0,0.5,0,1,0,0,1,1,0,1,0.5,1,0.5,0,0,0,0,1,1,1,1,0.5,0.5,1,2000,2000,1,2005,2005,,,1,,,,1,,,,,,,,,,,2003,2003,2006,,,,,,65,0,0,john.weeks@gmail.com
66_Arizona_Globe,1,0.5,0.5,1,0.5,1,0.5,0,0.5,0.5,0.5,0,0,0.5,0,0,0,0,0,1,1,0,1,1,0.5,0.5,0.5,0,0,0.5,1,1,0,0,0,0,0.5,0,0,0.5,0.5,1,1,1,1,0,1,0,0,0,0,0,1,1,1,1,1,1,1,2015,2015,1,2010,2010,,1,,,,,1,,,2001,2007,,,,,,,2003,2009,,,,,,,66,0,0,daybreaksocialcircles@gmail.com
67_Arizona_Kingman,1,1,1,0.5,1,1,0.5,0.5,1,0.5,0.5,0,1,1,0,0,0,0,0,0.5,0.5,0,0.5,0,0.5,0,0,0.5,0,0,0.5,0.5,0,0.5,1,0.5,0.5,0,0.5,0,0.5,0.5,0.5,1,1,0.5,0.5,0.5,0,0.5,0.5,0.5,0.5,0.5,0.5,1,0.5,0.5,0,0,0,2,2009,2011,,1,,1,,1,1,1,,2015,,,,,,,,2003,2006,2009,,,,,,67,0,0,dsc.email.200@gmail.com
68_Arizona_Lake_Havasu_City,0,1,0.5,1,0.5,1,1,0.5,1,0.5,0.5,0.5,0.5,0.5,0.5,0,0,0,1,1,0,0,0,0.5,0.5,0.5,0,0.5,0.5,0,0,0,0,0.5,0.5,0.5,1,0.5,0.5,1,0.5,1,0.5,0.5,0.5,0,0.5,0.5,0,0,1,0,0.5,1,0.5,0.5,0,0,0,0,0,0,0,0,,1,1,1,,,1,,,2011,,,,,,,,2004,,,,,,,,68,0,0,dsc.email.300@gmail.com
69_Arizona_Mesa,1,0.5,0,1,0.5,0,1,0,0,0,0,0,0,0,0,0,0,0,0,0,0,0,0,0,0,0,0,0,0,0,0,0,0,0,0,0,1,0,0,0,1,1,1,1,1,0,1,0.5,0,0,1,0,0.5,0.5,0,0.5,1,1,1,2001,2001,0,0,0,,,,,,,,,,2016,,,,,,,,2004,,,,,,,,69,0,0,john.weeks@gmail.com
70_Arizona_Nogales,0,0.5,0,1,0,1,1,1,1,0.5,1,0,0,1,0,1,0.5,0,1,1,0,0,0,1,1,1,1,1,1,0,1,1,1,1,1,0,1,0,0,1,0,1,1,0.5,1,0.5,1,0.5,0,0,0,0,1,1,1,1,0.5,0.5,0,0,0,0,0,0,,,,,,,1,,,,,,,,,,,2005,2008,2011,,,,,,70,0,0,daybreaksocialcircles@gmail.com
71_Arizona_Oraibi,1,0,0,0.5,1,0,0,0,0,0,0,0,0,0,0,0,0,0,0,0.5,0,0,0.5,0.5,0.5,1,0.5,0.5,0.5,0,0.5,0,0,0,0,0,0,0,0,0,1,1,1,1,0.5,0,1,0.5,0,0.5,0.5,0.5,0.5,0.5,0.5,1,1,0.5,1,2015,2015,0,0,0,,,,,,1,,,,,,,,,,,,2005,,,,,,,,71,0,0,dsc.email.200@gmail.com
72_Arizona_Phoenix,1,0.5,0,0.5,0,0.5,0,0.5,0.5,0,0,0,0,0.5,0,0,0,0,0,0.5,0.5,0,0.5,0,0,0.5,0,0,0,0,0,0,0,0.5,0,0,0.5,0,0,1,,1,0.5,0.5,1,0.5,1,1,0.5,0.5,0.5,0.5,0.5,0.5,0.5,1,0.5,0.5,0,0,0,0,0,0,,,,,,,1,,,2000,,,,,,,,2005,,,,,,,,72,0,0,dsc.email.300@gmail.com
73_Arizona_Prescott,0,1,1,0.5,0,0.5,0,0,0,0,0,0,0,0.5,0,1,1,0.5,0,0,0,0,0,0,0,0,0,0,0,0,0,0,0,0,0,0.5,0,0,0,0.5,0,1,0.5,1,1,0.5,0.5,1,0,0,1,0.5,0.5,0.5,0,1,0,0,0,0,0,0,0,0,,1,,1,,,1,,,2009,,,,,,,,2005,,,,,,,,73,0,0,john.weeks@gmail.com
74_Arizona_Scottsdale,1,0.5,0,0.5,0,0,0.5,0,0,0,0.5,0,0,0,0,0,0,0,0,0,0,0,0.5,0.5,0,0,0.5,0,0,0,0,0,0,0,0,0,0,0,0,1,0,0,0,0,0,0,0,0,0,0,0,0,0,0,1,0,0,0,1,2002,2002,1,1994,1994,,,,,,,,,,2001,2004,,,,,,,2007,,,,,,,,74,0,0,daybreaksocialcircles@gmail.com
75_Arizona_Sierra_Vista,0,1,0,0,0,0,0,0,0,0.5,0,0,0,0,0,0,0,0,0.5,0,0,0,0,0,0.5,0.5,0,0,0,0,0,0,0,0,0,0,0,0,0,0,0,1,0.5,0.5,1,0.5,1,0.5,0,0,1,0,1,1,0.5,1,0,0,0,0,0,0,0,0,,,,,,,,,,2012,,,,,,,,2007,,,,,,,,75,0,0,dsc.email.200@gmail.com
76_Arizona_Tempe,1,1,1,1,0.5,1,0.5,1,1,0.5,0.5,0.5,0,0,0.5,0,0,0,0.5,0.5,0,0.5,0,0,0,0.5,0,0.5,0.5,1,1,0,0,0.5,0,0,1,0.5,0,0.5,0.5,1,1,1,1,0,1,1,0,0,0,0,1,0,0,1,1,0,0,0,0,2,2001,2003,,,1,1,,,,1,,,,,,,,,,2008,2011,2014,,,,,,76,0,0,dsc.email.300@gmail.com
77_Arizona_Tombstone,1,0,0,0.5,0.5,0,0.5,0.5,0.5,0,0,0.5,0,0,0,0,0,0,0,0.5,0.5,0,0.5,0.5,0,1,1,0.5,0.5,0.5,0.5,0.5,0.5,0.5,0.5,0,1,0,0,1,0,1,1,1,1,0,1,0.5,0,0,0.5,0.5,1,1,0,1,1,1,1,2011,2011,1,2004,2004,,1,,,,,1,,,,,,,,,,,2008,2012,2015,,,,,,77,0,0,john.weeks@gmail.com
78_Arizona_Tucson,0,1,1,0.5,0.5,0.5,0,0,0.5,0.5,0,0,0.5,0.5,0,0.5,0,0.5,0.5,0.5,0,0,0,0,0.5,0.5,0,0,0,0,0,0.5,0,0,0,0,0.5,0,0.5,1,0.5,1,1,1,1,0,1,0,0,0,1,0,1,1,0,0,1,0,0,0,0,0,0,0,,,,1,,,1,1,,2005,,,,,,,,2008,2010,,,,,,,78,0,0,daybreaksocialcircles@gmail.com
79_Arizona_Walpi,1,1,0.5,0,1,0,0,0,0,0,0,0,0.5,0,0,0,0.5,0,0,0.5,1,0,0,1,1,0,1,0,0.5,0,0.5,0,0,0.5,0,0,0,0,0,0.5,0,1,0,1,1,0.5,0.5,1,0.5,0.5,0.5,0.5,1,0.5,0,1,0.5,0.5,0,0,0,1,2016,2016,,,,,,,1,,,,,,,,,,,2009,,2011,,,,,,79,0,0,dsc.email.200@gmail.com
80_Arizona_Window_Rock,1,0.5,0.5,0.5,0.5,0,0,0,0,0,0,0,0,0.5,0,0,0,0,0,0.5,0,0,0,0,0.5,0.5,0.5,0.5,0,0,0.5,0,0,0.5,0.5,0,0,0,0,1,0,1,1,1,1,0.5,0.5,0.5,0.5,0.5,0.5,1,1,1,0.5,1,0.5,0,1,2002,2002,1,2000,2000,,,,,1,,1,,,2005,,,,,,,,2009,,,,,,,,80,0,0,dsc.email.300@gmail.com
81_Arizona_Winslow,0,1,1,1,0.5,1,1,1,1,1,1,0,0,0,0,0.5,0,0.5,0,0.5,0,0,1,0.5,1,1,1,0,1,1,1,1,1,1,1,1,1,0,1,0,1,1,1,1,1,0.5,1,0.5,0.5,0.5,1,0.5,1,1,1,1,1,1,0,0,0,0,0,0,,1,,,1,,1,1,,2010,,,,,,,,2010,,,,,,,,81,0,0,john.weeks@gmail.com
82_Arizona_Yuma,0,0.5,0.5,0,0,1,0,0,1,0,0,0,0,0,0,0,0,0,0,0,0,0,0,0,0,1,0,0,1,0,0,0,0,0,0,0,1,0,0,0.5,0,1,1,0.5,1,0,0.5,0.5,0.5,0.5,0,1,1,0.5,0.5,0.5,1,0.5,0,0,0,0,0,0,,,,,,,1,,,2007,,,,,,,,2010,,,,,,,,82,0,0,daybreaksocialcircles@gmail.com
83_Arkansas_Arkadelphia,0,0.5,0,0,0,0,0,0,0.5,0,0,0,0,0,0,0,0.5,0,0,0,0,0,0,0,0,0,0,0,0,0,0,0,0,0,0,0,0.5,0,0,0.5,0,1,0.5,0.5,1,0.5,0.5,0.5,0.5,0.5,1,0.5,1,1,0.5,0.5,0.5,0.5,0,0,0,0,0,0,,,,,,,,,,2007,,,,,,,,2010,,,,,,,,83,0,0,dsc.email.200@gmail.com
84_Arkansas_Arkansas_Post,0,0.5,0,0.5,0.5,0,0.5,0,0,0,0,0,0,0,0,0,0.5,0,0,0,0,0,0,0,0.5,0,0,0,0,0,0.5,0,0,0,0,0,0.5,0,0,0,1,1,1,1,1,1,1,0.5,0.5,1,1,0.5,1,1,0.5,1,0.5,0.5,0,0,0,0,0,0,,1,1,1,,,1,1,,2007,,,,,,,,2010,,,,,,,,84,0,0,dsc.email.300@gmail.com
85_Arkansas_Batesville,0,1,1,1,0.5,1,0.5,0.5,0.5,0,0,0,0,0,0,0,0.5,0,0,0,0,0,0,0.5,1,0,0,0,0.5,1,0.5,0.5,0.5,0,0,0.5,1,1,0.5,1,0.5,1,1,1,1,0,1,1,0,1,1,1,1,1,0,1,1,1,0,0,0,0,0,0,,1,,1,1,,1,1,,2014,,,,,,,,2010,2016,,,,,,,85,0,0,john.weeks@gmail.com
86_Arkansas_Benton,0.5,1,0,1,0.5,0,0,1,0.5,0,0,0,0,0.5,0,0,1,0,0,0,0,0,0,0.5,0,0,0.5,0.5,0.5,0,0.5,0,0,0.5,0,0,0.5,0.5,0,1,0,1,0,1,1,0,0,0.5,1,0,0,0,1,0,0,1,0,0,0,0,0,0,0,0,,1,,,,,1,1,,2015,,,,,,,,2010,,,,,,,,86,0,0,daybreaksocialcircles@gmail.com
87_Arkansas_Blytheville,1,0.5,0,0.5,0,0.5,0,0,0,0,0,0,0,0,0,0,1,0,0,0.5,1,0,1,1,0,1,0.5,0.5,1,0,1,0.5,0,0.5,0,0,0,0,0,0,1,1,0,0.5,1,0,1,1,0,0,0,0,1,1,0.5,1,0,0,2,2006,2009,1,2012,2012,,,,1,,,1,,,2006,2009,,,,,,,2012,,,,,,,,87,0,0,dsc.email.200@gmail.com
88_Arkansas_Camden,1,0,0,0.5,0,0.5,0,0,0,0,0.5,0,0.5,0.5,0,0,0,0,0,0.5,0.5,0,0.5,0,0,0.5,0,0,0,0,0.5,0.5,0,0,0,0,0,0,0,1,0,1,1,0.5,1,0.5,1,0.5,0,0,1,0.5,0.5,0.5,1,1,0,0,0,0,0,3,2008,2014,,1,,,,,1,,,2006,2009,,,,,,,2012,,,,,,,,88,0,0,dsc.email.300@gmail.com
89_Arkansas_Conway,1,1,0.5,0.5,1,0,0,0,0.5,0.5,1,0.5,0,0.5,0,0,0,0,0,0.5,0.5,0,0,0,0.5,0.5,0,0,0,0,0,0,0,0.5,0,0,0.5,0,0,1,0,1,1,1,1,0,1,0.5,0.5,0.5,1,0,0.5,0.5,1,1,0.5,0.5,1,2005,2005,2,2008,2010,,,1,,,,,,,,,,,,,,,2013,,,,,,,,89,0,0,john.weeks@gmail.com
90_Arkansas_Crossett,1,1,1,0.5,1,0.5,0.5,1,1,0,0,0,0,0,0.5,0.5,1,0.5,0,0,1,0,1,1,1,0,1,0.5,1,0.5,0.5,1,1,1,0,1,1,1,0,1,0,1,0,1,1,0,0,0,0,0,1,0,1,0,0,0,0.5,0.5,0,0,0,2,2003,2006,,,,,,,,1,,,,,,,,,,2015,,,,,,,,90,0,0,daybreaksocialcircles@gmail.com
91_Arkansas_El_Dorado,0,1,1,1,1,1,0,1,0,0,0,1,0,0,0,0,0,0,1,1,0,1,0,1,1,1,1,1,1,1,0,0,0,0,0,0,1,0,0,0,1,1,1,1,1,0,1,0,0,0,0,0,0,0,0,1,0,0,0,0,0,0,0,0,,,,,,,1,,,,,,,,,,,2015,,,,,,,,91,0,0,dsc.email.200@gmail.com
92_Arkansas_Fayetteville,0.5,1,0.5,0.5,0,0,0,0,0.5,1,1,0.5,0,1,0,0,0,0,0.5,0,0,1,0,0,1,0,0,1,0.5,0,0,0,0,0.5,1,0,0.5,0.5,0,0,1,0.5,0,0.5,1,0,0.5,0.5,0,0,0,0,1,1,1,1,0.5,0.5,1,2015,2015,0,0,0,1,,1,,,,,1,,2013,,,,,,,,2015,,,,,,,,92,0,0,dsc.email.300@gmail.com
93_Arkansas_Forrest_City,0,1,0.5,0.5,0.5,0.5,0,0.5,1,0,0,0,0,0.5,0,0,0,0,0,0,0,0,0,0,0,0,0,0,0,0,0,0,0,0,0,0,0,0,0,0.5,0.5,0.5,0.5,0.5,1,0.5,0.5,0.5,0,0,0.5,0.5,0.5,0,0.5,0.5,0.5,0,0,0,0,0,0,0,,,,,,,,,,2017,2017,,,,,,,2015,,,,,,,,93,0,0,john.weeks@gmail.com
94_Arkansas_Fort_Smith,1,1,1,0.5,0,0.5,0.5,0.5,0.5,0,0,0,0,0,0.5,0.5,0,0,0.5,0.5,0,0,1,0,0,1,0,0,0,0,1,1,1,0,1,0,1,1,0.5,1,0.5,1,1,1,1,0,1,1,0,0.5,1,1,0.5,0.5,0.5,1,0.5,0.5,1,2005,2005,1,2001,2001,,1,,1,1,,1,1,,2017,,,,,,,,2015,,,,,,,,94,0,0,daybreaksocialcircles@gmail.com
95_Arkansas_Harrison,0,0.5,0,0.5,0.5,0.5,0,0.5,0.5,0,0.5,0,0,0,0,0,0.5,0.5,0,0,0,0,0,0,0,0,0.5,0,0,0,0.5,0,0,0.5,0,0,0.5,0,0,1,,1,1,1,1,0,0.5,0.5,0,1,1,0.5,1,0.5,1,1,0,0,0,0,0,0,0,0,,1,,1,,,1,,,,,,,,,,,2016,,,,,,,,95,0,0,dsc.email.200@gmail.com
96_Arkansas_Helena,0,1,1,1,0,0.5,0,0,0,1,0,1,0,0,0,0,0,0,0.5,0,0,0,0,0.5,0.5,0,0,0,0.5,0,0.5,0,0,0,0,0.5,0.5,0,0,0.5,0.5,1,0.5,0,1,0,1,0.5,0.5,0.5,0.5,0.5,1,0.5,0,1,0.5,0.5,0,0,0,0,0,0,,,1,,,,1,,,,,,,,,,,2016,,,,,,,,96,0,0,dsc.email.300@gmail.com
97_Arkansas_Hope,0.5,1,1,1,0.5,0,0,1,1,0,0,0,0.5,0.5,0,0.5,0.5,0.5,0,0,0,0,0.5,0,1,1,0.5,0.5,1,0,0.5,0,0,1,0.5,1,0.5,0,0,1,0,1,1,1,1,0,0.5,1,0,0,1,0,1,1,0,1,0,0,1,2007,2007,1,2010,2010,1,1,,1,1,1,,1,,,,,,,,,,2017,,,,,,,,97,0,0,john.weeks@gmail.com
98_Arkansas_Hot_Springs,1,1,1,0.5,0.5,0.5,0,0,1,0,0,1,0.5,0.5,0,0,0,0,0,0.5,1,0,1,1,1,1,0.5,0,1,0,0.5,0,0,0.5,0,0,0.5,0,0,1,,1,1,1,1,0,1,1,0,1,1,0,0,1,0,1,0.5,0.5,0,0,0,0,0,0,,,,1,,,1,,,,,,,,,,,2018,,,,,,,,98,0,0,daybreaksocialcircles@gmail.com
99_Arkansas_Jacksonville,0.5,0,0,1,0,1,1,0,0,1,0,0,0,1,0,0,0,0.5,0,0.5,0.5,0,0.5,0,0,0.5,0.5,0,0,0,0.5,0,0,0,0,0,0,0,0,1,0,1,1,0.5,1,0,1,0.5,0,0.5,1,0,1,1,1,1,0,0,3,2008,2018,0,0,0,,,,1,,,,,,,,,,,,,,2019,,,,,,,,99,0,0,dsc.email.200@gmail.com
100_Arkansas_Jonesboro,0,1,1,0,1,1,0,0,1,0,0,0,0.5,1,0.5,0,0,0,1,1,0,0,0,0,1,1,1,1,0,0,0,0,0,1,0,0,0,0,0,1,0,1,1,1,1,0,1,0.5,0,1,1,0,0.5,0.5,0.5,0.5,0.5,0.5,0,0,0,0,0,0,1,1,1,1,1,1,1,1,,,,,,,,,,,,,,,,,,100,0,0,dsc.email.300@gmail.com
101_Arkansas_Little_Rock,0,1,0,1,0,1,0,1,1,0,0,0.5,0,0,0.5,0,0,1,1,0,0,0,0,0,0.5,0.5,0,0,0,0,0.5,0.5,1,1,0,0,0,0,0.5,0.5,0.5,1,1,1,1,0,1,0.5,0,1,1,0.5,1,1,0,1,0.5,0,0,0,0,0,0,0,,,,,1,,1,1,,,,,,,,,,,,,,,,,,101,0,0,john.weeks@gmail.com
102_Arkansas_Magnolia,1,0.5,0,0,0,0,0,0,0.5,0,0,0,0,0,0,0,0,0,0,0,0.5,0,0,0,0,0.5,0,0,0,0,0,0,0,0.5,0.5,0,0,0,0,1,0,0.5,0.5,0.5,0.5,0,0.5,0.5,0,0,0,0.5,0.5,0,0.5,1,0.5,0.5,0,0,0,1,2015,2015,,,,,,,,1,,,,,,,,,,,,,,,,,,102,0,0,daybreaksocialcircles@gmail.com
103_Arkansas_Morrilton,0.5,0.5,0.5,1,1,1,0.5,0.5,0.5,0,0,0.5,0,0,0,0,0,0.5,0,1,0.5,0,0.5,0.5,0.5,0,1,0.5,0.5,0.5,0.5,0.5,1,0.5,0,0,0,0,0.5,1,0,1,0,1,1,0,0.5,0,0,1,1,1,0.5,1,0,1,0,0,2,2001,2004,1,2007,2007,,1,,,1,,,,,,,,,,,,,,,,,,,,,103,0,0,dsc.email.200@gmail.com
104_Arkansas_Newport,1,1,1,1,0,0.5,0,0,0,0,0,0.5,0,0.5,0,0.5,0,0,0,0.5,0.5,0,0.5,0,0,1,1,0.5,1,0,0.5,0.5,0,0,0,0,0.5,0,0,0.5,0.5,1,1,1,1,0,1,0.5,0,0,0,0,1,1,0.5,1,1,0.5,0,0,0,1,2017,2017,,,,,,,,,,,,,,,,,,,,,,,,,,104,0,0,dsc.email.300@gmail.com
105_Arkansas_North_Little_Rock,0.5,1,0,0.5,0.5,0.5,0,0,0.5,1,0,0.5,0.5,1,0,0,0,0,0,0.5,0,0,0.5,0,0,0.5,0,0,0,0,0.5,0,0,0,1,0,1,0,0,0,1,1,0.5,1,1,0,0.5,1,0,0,0,0,1,1,0.5,1,1,0,0,0,0,1,2005,2005,1,,1,1,,1,1,1,,,,,,,,,,,,,,,,,,105,0,0,john.weeks@gmail.com
106_Arkansas_Osceola,1,0.5,0,0.5,0.5,1,0,0,1,0,0,0,0,0,0.5,0,0,0,0,0,0.5,0,1,1,0,0,1,0.5,0.5,0,1,0,0,0.5,0,0,1,0,0,1,0,1,0,1,1,0,0,0,0.5,0.5,0.5,0.5,1,0,0.5,1,0.5,0.5,3,2008,2014,0,0,0,,1,,1,,,1,,,,,,,,,,,,,,,,,,,106,0,0,daybreaksocialcircles@gmail.com
107_Arkansas_Pine_Bluff,1,1,1,1,0,0,1,0,0,1,0.5,0.5,0,0.5,1,0.5,0,0,0,1,1,0,0.5,0.5,0.5,1,1,0.5,1,0,1,0.5,0.5,0.5,1,0,1,0,0,1,0,1,1,0,1,0,1,0,0,0,0,0,0,1,1,1,0,0,2,2006,2009,1,2012,2012,,,1,1,,,1,1,,,,,,,,,,,,,,,,,,107,0,0,dsc.email.200@gmail.com
108_Arkansas_Rogers,0,1,1,1,0.5,1,0,0,1,0.5,0,0.5,0.5,0,0,0,0,0,0,0.5,0,0,0,0,0,1,0.5,0.5,0,0.5,0.5,0,0,0.5,0.5,0,0.5,0,0,1,0,1,1,1,1,0,1,1,0,0,1,0,1,1,0,0.5,0.5,1,0,0,0,0,0,0,,1,,1,1,,1,1,,,,,,,,,,,,,,,,,,108,0,0,dsc.email.300@gmail.com
109_Arkansas_Searcy,0.5,1,0.5,0.5,0.5,1,0.5,0.5,0,0,0,0,0,0,0,0.5,0,0.5,0,0,0,0.5,0,0,0,0,0.5,0.5,0,0,0,0,0.5,0,0,0.5,0.5,0.5,0,1,0.5,1,0.5,1,1,0.5,0.5,0,0,0,0.5,0.5,1,1,1,1,0.5,0.5,1,2012,2012,1,2007,2007,,1,1,,1,,1,1,,,,,,,,,,,,,,,,,,109,0,0,john.weeks@gmail.com
110_Arkansas_Stuttgart,0,1,1,0.5,0,0.5,0,0.5,0,0,0,0.5,0,0.5,1,0.5,0,1,0.5,0.5,0,0,0,0.5,0,0,0.5,1,0,0.5,0.5,0,0,0.5,1,0,0.5,0,0,0,1,0.5,0.5,1,1,0.5,0.5,0.5,1,0.5,0.5,0.5,1,0,0.5,1,1,1,0,0,0,0,0,0,,,,1,1,,1,1,,,,,,,,,,,,,,,,,,110,0,0,daybreaksocialcircles@gmail.com
113_California_Alameda,1,1,1,1,1,1,1,1,1,1,1,1,1,1,1,1,1,1,1,1,1,1,1,1,1,1,1,1,1,1,1,1,1,1,1,1,1,1,1,1,1,1,0.5,1,1,0,0.5,0.5,0,0.5,0.5,0.5,1,1,0.5,1,0.5,0,2,1990,2019,2,1990,2019,1,1,1,1,1,1,1,1,,,,,,,,,,,,,,,,,,113,0,0,dsc.email.200@gmail.com
